,Model V1,Model V2
Accuracy,0.75,0.8166666666666667
Precision,0.768,0.8276094276094276
Recall,0.75,0.8166666666666667
F1 Score,0.7485380116959064,0.8164119662869316
